Admin_Unit_Code,Sub_Unit_Code,Site_Name,Plot_Name,Location_Type,Year,Date,Start_Time,End_Time,Observer,Visit,Interval_Length,ID_Method,Distance,Flyover_Observed,Sex,Common_Name,Scientific_Name,AcceptedTSN,NPSTaxonCode,AOU_Code,PIF_Watchlist_Status,Regional_Stewardship_Status,Temperature,Humidity,Sky,Wind,Disturbance,Initial_Three_Min_Cnt,Habitat,Sheet,TaxonCode,Previously_Obs
MONO,,MONO 2,MONO-0105,Forest,2018,2018-05-07,06:20:00,06:30:00,Elizabeth Oswald,1,0-2.5 min,Calling,<= 50 Meters,False,,Eastern Tufted Titmouse,Baeolophus bicolor,554138.0,266957.0,ETTI,False,False,11.1999998092651,81.5,Fog,Light air movement (1-3 mph) smoke drifts,Serious effect on count,True,Forest,MONO,Unknown,
MONO,,MONO 1,MONO-0106,Forest,2018,2018-05-07,05:56:00,06:06:00,Elizabeth Oswald,1,0-2.5 min,Singing,<= 50 Meters,False,Undetermined,Black-throated Blue Warbler,Setophaga caerulescens,950042.0,773822.0,BTBW,False,False,16.5,64.9000015258789,Clear or Few Clouds,Calm (< 1 mph) smoke rises vertically,Slight effect on count,True,Forest,MONO,Unknown,
MONO,,MONO 3,MONO-0056,Forest,2018,2018-05-07,06:50:00,07:00:00,Kimberly Serno,1,0-2.5 min,Singing,50 - 100 Meters,False,Undetermined,Eastern Towhee,Pipilo erythrophthalmus,179276.0,83803.0,EATO,False,True,14.0,64.8000030517578,Fog,Calm (< 1 mph) smoke rises vertically,Slight effect on count,True,Forest,MONO,Unknown,
MONO,,Unknown,MONO-0003,Grassland,2018,2018-05-07,10:20:00,10:30:00,Kimberly Serno,1,5 - 7.5 min,Singing,50 - 100 Meters,False,Male,Chipping Sparrow,Spizella passerina,179435.0,,CHSP,False,False,24.0,46.0999984741211,Partly Cloudy,Light breeze (4-7 mph) wind felt on face,Slight effect on count,False,Grassland,MONO,84781.0,False
MONO,,Unknown,MONO-0003,Grassland,2018,2018-05-07,10:20:00,10:30:00,Kimberly Serno,1,0-2.5 min,Calling,50 - 100 Meters,False,Undetermined,American Goldfinch,Carduelis tristis,179236.0,,AMGO,False,False,24.0,46.0999984741211,Partly Cloudy,Light breeze (4-7 mph) wind felt on face,Slight effect on count,True,Grassland,MONO,95286.0,False
MONO,,Unknown,MONO-0003,Grassland,2018,2018-05-07,10:20:00,10:30:00,Kimberly Serno,1,0-2.5 min,Calling,50 - 100 Meters,False,Undetermined,Blue Jay,Cyanocitta cristata,179680.0,,BLJA,False,False,24.0,46.0999984741211,Partly Cloudy,Light breeze (4-7 mph) wind felt on face,Slight effect on count,True,Grassland,MONO,86252.0,False
MONO,,Unknown,MONO-0003,Grassland,2018,2018-05-07,10:20:00,10:30:00,Kimberly Serno,1,2.5 - 5 min,Singing,50 - 100 Meters,False,Male,Grasshopper Sparrow,Ammodramus savannarum,179333.0,,GRSP,False,False,24.0,46.0999984741211,Partly Cloudy,Light breeze (4-7 mph) wind felt on face,Slight effect on count,True,Grassland,MONO,83867.0,False
MONO,,Unknown,MONO-0003,Grassland,2018,2018-05-07,10:20:00,10:30:00,Kimberly Serno,1,2.5 - 5 min,Visualization,<= 50 Meters,False,Male,Barn Swallow,Hirundo rustica,178448.0,,BARS,False,False,24.0,46.0999984741211,Partly Cloudy,Light breeze (4-7 mph) wind felt on face,Slight effect on count,False,Grassland,MONO,87409.0,False
MONO,,Unknown,MONO-0003,Grassland,2018,2018-05-07,10:20:00,10:30:00,Kimberly Serno,1,2.5 - 5 min,Singing,50 - 100 Meters,False,Male,Chestnut-sided Warbler,Setophaga pensylvanica,950040.0,,CSWA,False,False,24.0,46.0999984741211,Partly Cloudy,Light breeze (4-7 mph) wind felt on face,Slight effect on count,False,Grassland,MONO,773820.0,False
MONO,,Unknown,MONO-0003,Grassland,2018,2018-05-07,10:20:00,10:30:00,Kimberly Serno,1,5 - 7.5 min,Singing,<= 50 Meters,False,Undetermined,Northern Cardinal,Cardinalis cardinalis,179124.0,,NOCA,False,False,24.0,46.0999984741211,Partly Cloudy,Light breeze (4-7 mph) wind felt on face,Slight effect on count,False,Grassland,MONO,94228.0,False
MONO,,Unknown,MONO-0003,Grassland,2018,2018-05-07,10:20:00,10:30:00,Kimberly Serno,1,5 - 7.5 min,Singing,<= 50 Meters,False,Male,Song Sparrow,Melospiza melodia,179492.0,,SOSP,False,False,24.0,46.0999984741211,Partly Cloudy,Light breeze (4-7 mph) wind felt on face,Slight effect on count,False,Grassland,MONO,85643.0,False
MONO,,Unknown,MONO-0003,Grassland,2018,2018-05-07,10:20:00,10:30:00,Kimberly Serno,1,7.5 - 10 min,Visualization,<= 50 Meters,False,Male,Red-winged Blackbird,Agelaius phoeniceus,179045.0,,RWBL,False,False,24.0,46.0999984741211,Partly Cloudy,Light breeze (4-7 mph) wind felt on face,Slight effect on count,False,Grassland,MONO,93613.0,False
MONO,,Unknown,MONO-0003,Grassland,2018,2018-05-07,10:20:00,10:30:00,Kimberly Serno,1,7.5 - 10 min,Singing,<= 50 Meters,False,Undetermined,Bobolink,Dolichonyx oryzivorus,179032.0,,BOBO,False,False,24.0,46.0999984741211,Partly Cloudy,Light breeze (4-7 mph) wind felt on face,Slight effect on count,False,Grassland,MONO,93599.0,False
MONO,,Unknown,MONO-0003,Grassland,2018,2018-05-07,10:20:00,10:30:00,Kimberly Serno,1,2.5 - 5 min,Singing,50 - 100 Meters,False,Undetermined,Carolina Wren,Thryothorus ludovicianus,178581.0,,CARW,False,False,24.0,46.0999984741211,Partly Cloudy,Light breeze (4-7 mph) wind felt on face,Slight effect on count,False,Grassland,MONO,88350.0,False
MONO,,Unknown,MONO-0003,Grassland,2018,2018-05-07,10:20:00,10:30:00,Kimberly Serno,1,5 - 7.5 min,Singing,50 - 100 Meters,False,Male,American Redstart,Setophaga ruticilla,178979.0,,AMRE,False,False,24.0,46.0999984741211,Partly Cloudy,Light breeze (4-7 mph) wind felt on face,Slight effect on count,False,Grassland,MONO,92746.0,False
MONO,,Unknown,MONO-0009,Grassland,2018,2018-05-07,10:35:00,10:45:00,Kimberly Serno,1,2.5 - 5 min,Singing,50 - 100 Meters,False,Undetermined,Mourning Dove,Zenaida macroura,177125.0,,MODO,False,False,24.5,49.0,Partly Cloudy,Light breeze (4-7 mph) wind felt on face,Moderate effect on count,False,Grassland,MONO,82737.0,False
MONO,,Unknown,MONO-0009,Grassland,2018,2018-05-07,10:35:00,10:45:00,Kimberly Serno,1,5 - 7.5 min,Singing,50 - 100 Meters,False,Male,Indigo Bunting,Passerina cyanea,179150.0,,INBU,False,True,24.5,49.0,Partly Cloudy,Light breeze (4-7 mph) wind felt on face,Moderate effect on count,False,Grassland,MONO,94257.0,False
MONO,,Unknown,MONO-0009,Grassland,2018,2018-05-07,10:35:00,10:45:00,Kimberly Serno,1,5 - 7.5 min,Calling,<= 50 Meters,False,Undetermined,Brown-headed Cowbird,Molothrus ater,179112.0,,BHCO,False,False,24.5,49.0,Partly Cloudy,Light breeze (4-7 mph) wind felt on face,Moderate effect on count,False,Grassland,MONO,94215.0,False
MONO,,Unknown,MONO-0047,Grassland,2018,2018-05-07,06:29:00,06:39:00,Kimberly Serno,1,5 - 7.5 min,Visualization,<= 50 Meters,False,Female,American Robin,Turdus migratorius,179759.0,,AMRO,False,False,14.6999998092651,60.9000015258789,Fog,Calm (< 1 mph) smoke rises vertically,Slight effect on count,False,Grassland,MONO,87136.0,False
MONO,,Unknown,MONO-0047,Grassland,2018,2018-05-07,06:29:00,06:39:00,Kimberly Serno,1,7.5 - 10 min,Calling,<= 50 Meters,False,Undetermined,Carolina Chickadee,Poecile carolinensis,554383.0,,CACH,False,True,14.6999998092651,60.9000015258789,Fog,Calm (< 1 mph) smoke rises vertically,Slight effect on count,False,Grassland,MONO,265876.0,False
MONO,,Unknown,MONO-0047,Grassland,2018,2018-05-07,06:29:00,06:39:00,Kimberly Serno,1,0-2.5 min,Singing,<= 50 Meters,False,Male,Common Yellowthroat,Geothlypis trichas,178944.0,,COYE,False,False,14.6999998092651,60.9000015258789,Fog,Calm (< 1 mph) smoke rises vertically,Slight effect on count,True,Grassland,MONO,92708.0,False
MONO,,Unknown,MONO-0047,Grassland,2018,2018-05-07,06:29:00,06:39:00,Kimberly Serno,1,0-2.5 min,Singing,50 - 100 Meters,False,Undetermined,Eastern Tufted Titmouse,Baeolophus bicolor,554138.0,,ETTI,False,False,14.6999998092651,60.9000015258789,Fog,Calm (< 1 mph) smoke rises vertically,Slight effect on count,True,Grassland,MONO,266957.0,False
MONO,,Unknown,MONO-0036,Grassland,2018,2018-05-07,06:01:00,06:11:00,Kimberly Serno,1,7.5 - 10 min,Calling,<= 50 Meters,False,Undetermined,Eastern Towhee,Pipilo erythrophthalmus,179276.0,,EATO,False,True,16.7000007629395,56.5,Partly Cloudy,Calm (< 1 mph) smoke rises vertically,Moderate effect on count,False,Grassland,MONO,83803.0,False
MONO,,Unknown,MONO-0036,Grassland,2018,2018-05-07,06:01:00,06:11:00,Kimberly Serno,1,5 - 7.5 min,Calling,<= 50 Meters,False,Undetermined,Downy Woodpecker,Picoides pubescens,178259.0,,DOWO,False,True,16.7000007629395,56.5,Partly Cloudy,Calm (< 1 mph) smoke rises vertically,Moderate effect on count,False,Grassland,MONO,84936.0,False
MONO,,Unknown,MONO-0036,Grassland,2018,2018-05-07,06:01:00,06:11:00,Kimberly Serno,1,5 - 7.5 min,Calling,<= 50 Meters,False,Undetermined,Gray Catbird,Dumetella carolinensis,178625.0,,GRCA,False,False,16.7000007629395,56.5,Partly Cloudy,Calm (< 1 mph) smoke rises vertically,Moderate effect on count,False,Grassland,MONO,89977.0,False
MONO,,Unknown,MONO-0036,Grassland,2018,2018-05-07,06:01:00,06:11:00,Kimberly Serno,1,0-2.5 min,Singing,<= 50 Meters,False,Male,Field Sparrow,Spizella pusilla,179443.0,,FISP,False,True,16.7000007629395,56.5,Partly Cloudy,Calm (< 1 mph) smoke rises vertically,Moderate effect on count,True,Grassland,MONO,84790.0,False
MONO,,Unknown,MONO-0036,Grassland,2018,2018-05-07,06:01:00,06:11:00,Kimberly Serno,1,0-2.5 min,Singing,<= 50 Meters,False,Male,Wood Thrush,Hylocichla mustelina,179777.0,,WOTH,True,True,16.7000007629395,56.5,Partly Cloudy,Calm (< 1 mph) smoke rises vertically,Moderate effect on count,True,Grassland,MONO,87156.0,False
MONO,,Unknown,MONO-0027,Grassland,2018,2018-05-07,08:15:00,08:25:00,Kimberly Serno,1,0-2.5 min,Singing,50 - 100 Meters,False,Undetermined,Baltimore Oriole,Icterus galbula,179083.0,,BAOR,False,False,18.8999996185303,67.8000030517578,Clear or Few Clouds,Light air movement (1-3 mph) smoke drifts,Slight effect on count,True,Grassland,MONO,93655.0,False
MONO,,Unknown,MONO-0027,Grassland,2018,2018-05-07,08:15:00,08:25:00,Kimberly Serno,1,5 - 7.5 min,Calling,<= 50 Meters,False,Undetermined,Red-bellied Woodpecker,Melanerpes carolinus,178195.0,,RBWO,False,False,18.8999996185303,67.8000030517578,Clear or Few Clouds,Light air movement (1-3 mph) smoke drifts,Slight effect on count,False,Grassland,MONO,84865.0,False
MONO,,Unknown,MONO-0027,Grassland,2018,2018-05-07,08:15:00,08:25:00,Kimberly Serno,1,2.5 - 5 min,Calling,<= 50 Meters,False,Undetermined,Blue-gray Gnatcatcher,Polioptila caerulea,179853.0,,BGGN,False,False,18.8999996185303,67.8000030517578,Clear or Few Clouds,Light air movement (1-3 mph) smoke drifts,Slight effect on count,False,Grassland,MONO,88038.0,False
MONO,,Unknown,MONO-0027,Grassland,2018,2018-05-07,08:15:00,08:25:00,Kimberly Serno,1,0-2.5 min,Singing,50 - 100 Meters,False,Male,Eastern Wood-Pewee,Contopus virens,178359.0,,EAWP,False,True,18.8999996185303,67.8000030517578,Clear or Few Clouds,Light air movement (1-3 mph) smoke drifts,Slight effect on count,True,Grassland,MONO,85846.0,False
MONO,,Unknown,MONO-0027,Grassland,2018,2018-05-07,08:15:00,08:25:00,Kimberly Serno,1,7.5 - 10 min,Singing,<= 50 Meters,False,Male,Yellow Warbler,Setophaga petechia,950039.0,,YEWA,False,False,18.8999996185303,67.8000030517578,Clear or Few Clouds,Light air movement (1-3 mph) smoke drifts,Slight effect on count,False,Grassland,MONO,773778.0,False
MONO,,Unknown,MONO-0027,Grassland,2018,2018-05-07,08:15:00,08:25:00,Kimberly Serno,1,0-2.5 min,Calling,50 - 100 Meters,False,Undetermined,Fish Crow,Corvus ossifragus,179737.0,,FICR,False,False,18.8999996185303,67.8000030517578,Clear or Few Clouds,Light air movement (1-3 mph) smoke drifts,Slight effect on count,True,Grassland,MONO,87112.0,False
MONO,,Unknown,MONO-0048,Grassland,2018,2018-05-07,07:09:00,07:19:00,Kimberly Serno,1,5 - 7.5 min,Singing,50 - 100 Meters,False,Male,Red-eyed Vireo,Vireo olivaceus,179021.0,,REVI,False,False,14.6999998092651,65.5,Fog,Light air movement (1-3 mph) smoke drifts,Slight effect on count,False,Grassland,MONO,93587.0,False
MONO,,Unknown,MONO-0048,Grassland,2018,2018-05-07,07:09:00,07:19:00,Kimberly Serno,1,0-2.5 min,Singing,50 - 100 Meters,False,Male,Northern Mockingbird,Mimus polyglottos,178620.0,,NOMO,False,False,14.6999998092651,65.5,Fog,Light air movement (1-3 mph) smoke drifts,Slight effect on count,True,Grassland,MONO,88394.0,False
MONO,,Unknown,MONO-0037,Grassland,2018,2018-05-07,08:57:00,09:07:00,Kimberly Serno,1,0-2.5 min,Calling,<= 50 Meters,False,Undetermined,Great Crested Flycatcher,Myiarchus crinitus,178309.0,,GCFL,False,False,24.2000007629395,50.5999984741211,Clear or Few Clouds,Light air movement (1-3 mph) smoke drifts,Slight effect on count,True,Grassland,MONO,85791.0,False
MONO,,Unknown,MONO-0037,Grassland,2018,2018-05-07,08:57:00,09:07:00,Kimberly Serno,1,5 - 7.5 min,Singing,<= 50 Meters,False,Male,Pine Warbler,Setophaga pinus,950045.0,,PIWA,False,True,24.2000007629395,50.5999984741211,Clear or Few Clouds,Light air movement (1-3 mph) smoke drifts,Slight effect on count,False,Grassland,MONO,890952.0,False
MONO,,Unknown,MONO-0037,Grassland,2018,2018-05-07,08:57:00,09:07:00,Kimberly Serno,1,0-2.5 min,Visualization,,True,Undetermined,Great Blue Heron,Ardea herodias,174773.0,,GBHE,False,False,24.2000007629395,50.5999984741211,Clear or Few Clouds,Light air movement (1-3 mph) smoke drifts,Slight effect on count,True,Grassland,MONO,84416.0,False
MONO,,Unknown,MONO-0018,Grassland,2018,2018-05-07,09:47:00,09:57:00,Kimberly Serno,1,2.5 - 5 min,Visualization,,True,Undetermined,Turkey Vulture,Cathartes aura,175265.0,,TUVU,False,False,23.2000007629395,50.4000015258789,Clear or Few Clouds,Light breeze (4-7 mph) wind felt on face,Moderate effect on count,False,Grassland,MONO,79468.0,False
MONO,,Unknown,MONO-0095,Grassland,2018,2018-05-07,07:15:00,07:25:00,Elizabeth Oswald,1,5 - 7.5 min,Visualization,,True,Undetermined,Rock Dove,Columba livia,177071.0,,RODO,False,False,11.0,90.8000030517578,Clear or Few Clouds,Light air movement (1-3 mph) smoke drifts,Serious effect on count,False,Grassland,MONO,82677.0,False
MONO,,Unknown,MONO-0095,Grassland,2018,2018-05-07,07:15:00,07:25:00,Elizabeth Oswald,1,7.5 - 10 min,Singing,50 - 100 Meters,False,Undetermined,Cedar Waxwing,Bombycilla cedrorum,178532.0,,CEDW,False,False,11.0,90.8000030517578,Clear or Few Clouds,Light air movement (1-3 mph) smoke drifts,Serious effect on count,False,Grassland,MONO,88296.0,False
MONO,,Unknown,MONO-0095,Grassland,2018,2018-05-07,07:15:00,07:25:00,Elizabeth Oswald,1,7.5 - 10 min,Visualization,<= 50 Meters,False,Undetermined,Horned Lark,Eremophila alpestris,554256.0,,HOLA,False,False,11.0,90.8000030517578,Clear or Few Clouds,Light air movement (1-3 mph) smoke drifts,Serious effect on count,False,Grassland,MONO,264079.0,False
MONO,,Unknown,MONO-0095,Grassland,2018,2018-05-07,07:15:00,07:25:00,Elizabeth Oswald,1,2.5 - 5 min,Visualization,,True,Undetermined,Common Grackle,Quiscalus quiscula,179104.0,,COGR,False,False,11.0,90.8000030517578,Clear or Few Clouds,Light air movement (1-3 mph) smoke drifts,Serious effect on count,False,Grassland,MONO,94206.0,False
MONO,,Unknown,MONO-0094,Grassland,2018,2018-05-07,07:36:00,07:46:00,Elizabeth Oswald,1,7.5 - 10 min,Visualization,50 - 100 Meters,False,Male,Eastern Bluebird,Sialia sialis,179801.0,,EABL,False,False,13.8000001907349,79.0,Partly Cloudy,Light air movement (1-3 mph) smoke drifts,Slight effect on count,False,Grassland,MONO,87184.0,False
MONO,,Unknown,MONO-0087,Grassland,2018,2018-05-07,08:27:00,08:37:00,Elizabeth Oswald,1,7.5 - 10 min,Visualization,50 - 100 Meters,False,Undetermined,Killdeer,Charadrius vociferus,176520.0,,KILL,False,False,16.2000007629395,93.4000015258789,Clear or Few Clouds,Light breeze (4-7 mph) wind felt on face,Moderate effect on count,False,Grassland,MONO,77646.0,False
MONO,,Unknown,MONO-0087,Grassland,2018,2018-05-07,08:27:00,08:37:00,Elizabeth Oswald,1,7.5 - 10 min,Singing,50 - 100 Meters,False,Undetermined,Unidentified Warbler,Parulidae,178842.0,,UNWA,False,False,16.2000007629395,93.4000015258789,Clear or Few Clouds,Light breeze (4-7 mph) wind felt on face,Moderate effect on count,False,Grassland,MONO,91010.0,False
MONO,,Unknown,MONO-0087,Grassland,2018,2018-05-07,08:27:00,08:37:00,Elizabeth Oswald,1,7.5 - 10 min,Singing,50 - 100 Meters,False,Male,Northern Waterthrush,Parkesia noveboracensis,950010.0,,NOWA,False,False,16.2000007629395,93.4000015258789,Clear or Few Clouds,Light breeze (4-7 mph) wind felt on face,Moderate effect on count,False,Grassland,MONO,773765.0,False
MONO,,Unknown,MONO-0079,Grassland,2018,2018-05-07,08:47:00,08:57:00,Elizabeth Oswald,1,7.5 - 10 min,Visualization,50 - 100 Meters,False,Undetermined,Eastern Kingbird,Tyrannus tyrannus,178279.0,,EAKI,False,False,19.2000007629395,69.5999984741211,Clear or Few Clouds,Light breeze (4-7 mph) wind felt on face,Moderate effect on count,False,Grassland,MONO,85757.0,False
MONO,,Unknown,MONO-0079,Grassland,2018,2018-05-07,08:47:00,08:57:00,Elizabeth Oswald,1,7.5 - 10 min,Visualization,<= 50 Meters,False,Undetermined,Warbling Vireo,Vireo gilvus,179023.0,,WAVI,False,False,19.2000007629395,69.5999984741211,Clear or Few Clouds,Light breeze (4-7 mph) wind felt on face,Moderate effect on count,False,Grassland,MONO,93589.0,False
MONO,,Unknown,MONO-0067,Grassland,2018,2018-05-07,10:21:00,10:31:00,Elizabeth Oswald,1,2.5 - 5 min,Singing,50 - 100 Meters,False,Undetermined,Red-shouldered Hawk,Buteo lineatus,175359.0,,RSHA,False,False,24.3999996185303,69.0999984741211,Clear or Few Clouds,Light breeze (4-7 mph) wind felt on face,Slight effect on count,False,Grassland,MONO,79572.0,False
MONO,,Unknown,MONO-0067,Grassland,2018,2018-05-07,10:21:00,10:31:00,Elizabeth Oswald,1,5 - 7.5 min,Visualization,50 - 100 Meters,False,Undetermined,Unidentified Crow,Corvus,179724.0,,UNCR,False,False,24.3999996185303,69.0999984741211,Clear or Few Clouds,Light breeze (4-7 mph) wind felt on face,Slight effect on count,False,Grassland,MONO,87098.0,False
MONO,,Unknown,MONO-0067,Grassland,2018,2018-05-07,10:21:00,10:31:00,Elizabeth Oswald,1,5 - 7.5 min,Visualization,<= 50 Meters,False,Undetermined,Northern Rough-winged Swallow,Stelgidopteryx serripennis,178443.0,,NRWS,False,False,24.3999996185303,69.0999984741211,Clear or Few Clouds,Light breeze (4-7 mph) wind felt on face,Slight effect on count,False,Grassland,MONO,87404.0,False
MONO,,Unknown,MONO-0067,Grassland,2018,2018-05-07,10:21:00,10:31:00,Elizabeth Oswald,1,0-2.5 min,Singing,<= 50 Meters,False,Undetermined,House Wren,Troglodytes aedon,178541.0,,HOWR,False,False,24.3999996185303,69.0999984741211,Clear or Few Clouds,Light breeze (4-7 mph) wind felt on face,Slight effect on count,True,Grassland,MONO,88306.0,False
MONO,,Unknown,MONO-0070,Grassland,2018,2018-05-08,09:29:00,09:39:00,Elizabeth Oswald,1,0-2.5 min,Singing,<= 50 Meters,False,Male,Black-throated Green Warbler,Setophaga virens,950061.0,,BTNW,False,False,15.1999998092651,77.5,Clear or Few Clouds,Light breeze (4-7 mph) wind felt on face,Slight effect on count,True,Grassland,MONO,890946.0,False
MONO,,Unknown,MONO-0070,Grassland,2018,2018-05-08,09:29:00,09:39:00,Elizabeth Oswald,1,2.5 - 5 min,Calling,50 - 100 Meters,False,Undetermined,White-breasted Nuthatch,Sitta carolinensis,178775.0,,WBNU,False,False,15.1999998092651,77.5,Clear or Few Clouds,Light breeze (4-7 mph) wind felt on face,Slight effect on count,False,Grassland,MONO,90935.0,False
MONO,,Unknown,MONO-0070,Grassland,2018,2018-05-08,09:29:00,09:39:00,Elizabeth Oswald,1,5 - 7.5 min,Singing,<= 50 Meters,False,Male,Blackpoll Warbler,Setophaga striata,950041.0,,BLPW,False,False,15.1999998092651,77.5,Clear or Few Clouds,Light breeze (4-7 mph) wind felt on face,Slight effect on count,False,Grassland,MONO,773819.0,False
MONO,,Unknown,MONO-0070,Grassland,2018,2018-05-08,09:29:00,09:39:00,Elizabeth Oswald,1,0-2.5 min,Singing,<= 50 Meters,False,Male,Black-and-white Warbler,Mniotilta varia,178844.0,,BAWW,False,False,15.1999998092651,77.5,Clear or Few Clouds,Light breeze (4-7 mph) wind felt on face,Slight effect on count,True,Grassland,MONO,91012.0,False
MONO,,Unknown,MONO-0070,Grassland,2018,2018-05-08,09:29:00,09:39:00,Elizabeth Oswald,1,0-2.5 min,Singing,<= 50 Meters,False,Male,Northern Parula,Setophaga americana,950033.0,,NOPA,False,False,15.1999998092651,77.5,Clear or Few Clouds,Light breeze (4-7 mph) wind felt on face,Slight effect on count,True,Grassland,MONO,890949.0,False
MONO,,Unknown,MONO-0092,Grassland,2018,2018-05-08,10:38:00,10:48:00,Elizabeth Oswald,1,0-2.5 min,Singing,50 - 100 Meters,False,Male,White-throated Sparrow,Zonotrichia albicollis,179462.0,,WTSP,False,False,19.0,45.4000015258789,Partly Cloudy,Light breeze (4-7 mph) wind felt on face,Slight effect on count,True,Grassland,MONO,85610.0,False
MONO,,Unknown,MONO-0092,Grassland,2018,2018-05-08,10:38:00,10:48:00,Elizabeth Oswald,1,2.5 - 5 min,Visualization,50 - 100 Meters,False,Undetermined,House Sparrow,Passer domesticus,179628.0,,HOSP,False,False,19.0,45.4000015258789,Partly Cloudy,Light breeze (4-7 mph) wind felt on face,Slight effect on count,False,Grassland,MONO,86194.0,False
MONO,,Unknown,MONO-0085,Grassland,2018,2018-05-08,10:18:00,10:28:00,Elizabeth Oswald,1,5 - 7.5 min,Visualization,50 - 100 Meters,False,Undetermined,Red-tailed Hawk,Buteo jamaicensis,175350.0,,RTHA,False,False,19.3999996185303,34.7999992370605,Clear or Few Clouds,Light breeze (4-7 mph) wind felt on face,Slight effect on count,False,Grassland,MONO,79563.0,False
MONO,,Unknown,MONO-0085,Grassland,2018,2018-05-08,10:18:00,10:28:00,Elizabeth Oswald,1,5 - 7.5 min,Visualization,,True,Undetermined,Black Vulture,Coragyps atratus,175272.0,,BLVU,False,False,19.3999996185303,34.7999992370605,Clear or Few Clouds,Light breeze (4-7 mph) wind felt on face,Slight effect on count,False,Grassland,MONO,79476.0,False
MONO,,Unknown,MONO-0085,Grassland,2018,2018-05-08,10:18:00,10:28:00,Elizabeth Oswald,1,0-2.5 min,Singing,<= 50 Meters,False,Undetermined,Scarlet Tanager,Piranga olivacea,179883.0,,SCTA,False,True,19.3999996185303,34.7999992370605,Clear or Few Clouds,Light breeze (4-7 mph) wind felt on face,Slight effect on count,True,Grassland,MONO,88071.0,False
MONO,,Unknown,MONO-0103,Grassland,2018,2018-05-08,06:07:00,06:17:00,Elizabeth Oswald,1,0-2.5 min,Singing,<= 50 Meters,False,Undetermined,Unidentified Chickadee,Poecile,553526.0,,UNCH,False,False,12.0,78.1999969482422,Clear or Few Clouds,Light air movement (1-3 mph) smoke drifts,Slight effect on count,True,Grassland,MONO,263793.0,False
MONO,,Unknown,MONO-0102,Grassland,2018,2018-05-08,06:29:00,06:39:00,Elizabeth Oswald,1,0-2.5 min,Visualization,<= 50 Meters,False,Female,Orchard Oriole,Icterus spurius,179064.0,,OROR,False,False,13.1999998092651,79.0,Clear or Few Clouds,Calm (< 1 mph) smoke rises vertically,Moderate effect on count,True,Grassland,MONO,93634.0,False
MONO,,Unknown,MONO-0046,Grassland,2018,2018-05-10,10:15:00,10:26:00,Brian Swimelar,1,0-2.5 min,Visualization,50 - 100 Meters,False,Undetermined,European Starling,Sturnus vulgaris,179637.0,,EUST,False,False,19.0,63.0,Mist/Drizzle,Light breeze (4-7 mph) wind felt on face,Slight effect on count,True,Grassland,MONO,86204.0,False
MONO,,Unknown,MONO-0046,Grassland,2018,2018-05-10,10:15:00,10:26:00,Brian Swimelar,1,0-2.5 min,Singing,<= 50 Meters,False,Male,Eastern Meadowlark,Sturnella magna,179034.0,,EAME,False,False,19.0,63.0,Mist/Drizzle,Light breeze (4-7 mph) wind felt on face,Slight effect on count,True,Grassland,MONO,93601.0,False
MONO,,Unknown,MONO-0046,Grassland,2018,2018-05-10,10:15:00,10:26:00,Brian Swimelar,1,2.5 - 5 min,Visualization,,True,Undetermined,Canada Goose,Branta canadensis,174999.0,,CANG,False,False,19.0,63.0,Mist/Drizzle,Light breeze (4-7 mph) wind felt on face,Slight effect on count,False,Grassland,MONO,76625.0,False
MONO,,Unknown,MONO-0097,Grassland,2018,2018-05-10,05:54:00,06:04:00,Brian Swimelar,1,5 - 7.5 min,Calling,<= 50 Meters,False,Undetermined,American Crow,Corvus brachyrhynchos,179731.0,,AMCR,False,False,19.0,63.0,Partly Cloudy,Calm (< 1 mph) smoke rises vertically,Slight effect on count,False,Grassland,MONO,87106.0,False
MONO,,Unknown,MONO-0096,Grassland,2018,2018-05-10,06:18:00,06:29:00,Brian Swimelar,1,0-2.5 min,Singing,50 - 100 Meters,False,Male,Chinese Pond-Heron,Ardeola bacchus,174861.0,,CHPH,False,False,19.0,63.0,Partly Cloudy,Calm (< 1 mph) smoke rises vertically,Moderate effect on count,True,Grassland,MONO,Unknown,False
MONO,,Unknown,MONO-0080,Grassland,2018,2018-05-10,06:58:00,07:09:00,Brian Swimelar,1,0-2.5 min,Visualization,<= 50 Meters,False,Male,House Finch,Haemorhous mexicanus,,,HOFI,False,False,19.0,63.0,Partly Cloudy,Calm (< 1 mph) smoke rises vertically,Serious effect on count,True,Grassland,MONO,926917.0,False
MONO,,Unknown,MONO-0062,Grassland,2018,2018-05-10,09:00:00,09:11:00,Brian Swimelar,1,0-2.5 min,Visualization,<= 50 Meters,False,Undetermined,Brown Thrasher,Toxostoma rufum,178627.0,,BRTH,False,True,19.0,63.0,Cloudy/Overcast,Light air movement (1-3 mph) smoke drifts,Serious effect on count,True,Grassland,MONO,89979.0,False
MONO,,Unknown,MONO-0025,Grassland,2018,2018-05-10,06:48:00,06:58:00,Kimberly Serno,1,0-2.5 min,Visualization,<= 50 Meters,False,Female,Tree Swallow,Tachycineta bicolor,178431.0,,TRES,False,False,19.0,64.8000030517578,Cloudy/Overcast,Light air movement (1-3 mph) smoke drifts,Slight effect on count,True,Grassland,MONO,87391.0,False
MONO,,Unknown,MONO-0033,Grassland,2018,2018-05-10,06:27:00,06:37:00,Kimberly Serno,1,0-2.5 min,Calling,50 - 100 Meters,False,Undetermined,Acadian Flycatcher,Empidonax virescens,178339.0,,ACFL,False,True,19.2999992370605,58.0999984741211,Cloudy/Overcast,Light air movement (1-3 mph) smoke drifts,Moderate effect on count,True,Grassland,MONO,85824.0,False
MONO,,Unknown,MONO-0033,Grassland,2018,2018-05-10,06:27:00,06:37:00,Kimberly Serno,1,0-2.5 min,Calling,50 - 100 Meters,False,Undetermined,Northern Flicker,Colaptes auratus,178154.0,,NOFL,False,False,19.2999992370605,58.0999984741211,Cloudy/Overcast,Light air movement (1-3 mph) smoke drifts,Moderate effect on count,True,Grassland,MONO,84820.0,False
MONO,,Unknown,MONO-0016,Grassland,2018,2018-05-10,07:35:00,07:45:00,Kimberly Serno,1,5 - 7.5 min,Visualization,,True,Undetermined,Chimney Swift,Chaetura pelagica,178001.0,,CHSW,False,True,20.6000003814697,63.5999984741211,Partly Cloudy,Light air movement (1-3 mph) smoke drifts,Slight effect on count,False,Grassland,MONO,83046.0,False
MONO,,Unknown,MONO-0049,Grassland,2018,2018-05-10,07:49:00,07:59:00,Elizabeth Oswald,1,0-2.5 min,Visualization,50 - 100 Meters,False,Undetermined,Barred Owl,Strix varia,177921.0,,BADO,False,False,19.5,56.0999984741211,Partly Cloudy,Light breeze (4-7 mph) wind felt on face,No effect on count,True,Grassland,MONO,82956.0,False
MONO,,Unknown,MONO-0057,Grassland,2018,2018-05-10,08:05:00,08:15:00,Elizabeth Oswald,1,2.5 - 5 min,Visualization,<= 50 Meters,False,Undetermined,Swamp Sparrow,Melospiza georgiana,179488.0,,SWSP,False,False,20.5,56.2999992370605,Partly Cloudy,Light air movement (1-3 mph) smoke drifts,Slight effect on count,False,Grassland,MONO,85638.0,False
MONO,,Unknown,MONO-0057,Grassland,2018,2018-05-10,08:05:00,08:15:00,Elizabeth Oswald,1,7.5 - 10 min,Visualization,50 - 100 Meters,False,Undetermined,Unidentified Swallow,Hirundinidae,178423.0,,UNSW,False,False,20.5,56.2999992370605,Partly Cloudy,Light air movement (1-3 mph) smoke drifts,Slight effect on count,False,Grassland,MONO,87382.0,False
MONO,,Unknown,MONO-0057,Grassland,2018,2018-05-10,08:05:00,08:15:00,Elizabeth Oswald,1,7.5 - 10 min,Visualization,50 - 100 Meters,False,Male,Bay-breasted Warbler,Setophaga castanea,950036.0,,BBWA,False,False,20.5,56.2999992370605,Partly Cloudy,Light air movement (1-3 mph) smoke drifts,Slight effect on count,False,Grassland,MONO,890943.0,False
MONO,,Unknown,MONO-0066,Grassland,2018,2018-05-10,08:25:00,08:35:00,Elizabeth Oswald,1,7.5 - 10 min,Singing,<= 50 Meters,False,Male,Cape May Warbler,Setophaga tigrina,950031.0,,CMWA,False,False,20.8999996185303,13.3000001907349,Cloudy/Overcast,Light air movement (1-3 mph) smoke drifts,No effect on count,False,Grassland,MONO,773818.0,False
MONO,,Unknown,MONO-0068,Grassland,2018,2018-05-10,09:36:00,09:46:00,Elizabeth Oswald,1,5 - 7.5 min,Visualization,,True,Undetermined,Bald Eagle,Haliaeetus leucocephalus,175420.0,,BAEA,False,False,22.1000003814697,58.5999984741211,Cloudy/Overcast,Light breeze (4-7 mph) wind felt on face,Slight effect on count,False,Grassland,MONO,80444.0,False
MONO,,Unknown,MONO-0060,Grassland,2018,2018-05-10,09:54:00,10:04:00,Elizabeth Oswald,1,7.5 - 10 min,Calling,<= 50 Meters,False,Undetermined,Least Flycatcher,Empidonax minimus,178344.0,,LEFL,False,False,23.5,61.9000015258789,Cloudy/Overcast,"Gentle breeze (8-12 mph), leaves in motion",No effect on count,False,Grassland,MONO,85830.0,False
NACE,PISC,NACE 2,NACE-0619,Forest,2018,2018-05-11,06:27:00,06:37:00,Kimberly Serno,1,0-2.5 min,Singing,50 - 100 Meters,False,Undetermined,Eastern Tufted Titmouse,Baeolophus bicolor,554138.0,266957.0,ETTI,False,False,17.0,77.0999984741211,Clear or Few Clouds,Calm (< 1 mph) smoke rises vertically,No effect on count,True,Forest,NACE,Unknown,
NACE,FOWA,NACE 4b,NACE-0399,Forest,2018,2018-05-11,06:28:00,06:39:00,Brian Swimelar,1,0-2.5 min,Calling,50 - 100 Meters,False,,Canada Goose,Branta canadensis,174999.0,76625.0,CANG,False,False,20.0,68.0,Clear or Few Clouds,Calm (< 1 mph) smoke rises vertically,No effect on count,True,Forest,NACE,Unknown,
NACE,PISC,NACE 1,NACE-0519,Forest,2018,2018-05-11,06:47:00,06:57:00,Elizabeth Oswald,1,0-2.5 min,Singing,<= 50 Meters,False,,Carolina Wren,Thryothorus ludovicianus,178581.0,88350.0,CARW,False,False,22.0,57.0999984741211,Clear or Few Clouds,Calm (< 1 mph) smoke rises vertically,No effect on count,True,Forest,NACE,Unknown,
NACE,GREE,NACE 5,NACE-0080,Forest,2018,2018-05-12,06:03:00,06:13:00,Kimberly Serno,1,0-2.5 min,Singing,<= 50 Meters,False,Undetermined,Scarlet Tanager,Piranga olivacea,179883.0,88071.0,SCTA,False,True,20.0,67.5,Clear or Few Clouds,Calm (< 1 mph) smoke rises vertically,Slight effect on count,True,Forest,NACE,Unknown,
NACE,OXHI,NACE 4a,NACE-0346,Forest,2018,2018-05-12,06:37:00,06:48:00,Brian Swimelar,1,0-2.5 min,Calling,50 - 100 Meters,False,,Hairy Woodpecker,Picoides villosus,178262.0,85739.0,HAWO,False,False,24.0,55.0,Clear or Few Clouds,Calm (< 1 mph) smoke rises vertically,No effect on count,True,Forest,NACE,Unknown,
NACE,FOCI,NACE 3,NACE-0296,Forest,2018,2018-05-12,09:09:00,09:19:00,Elizabeth Oswald,1,7.5 - 10 min,Singing,<= 50 Meters,False,,Cedar Waxwing,Bombycilla cedrorum,178532.0,88296.0,CEDW,False,False,23.1000003814697,66.5,Cloudy/Overcast,Light breeze (4-7 mph) wind felt on face,No effect on count,False,Forest,NACE,Unknown,
MANA,,MANA 4,MANA-0243,Forest,2018,2018-05-14,06:50:00,07:00:00,Kimberly Serno,1,5 - 7.5 min,Calling,50 - 100 Meters,False,,Wild Turkey,Meleagris gallopavo,176136.0,86451.0,WITU,False,False,20.6000003814697,73.5999984741211,Fog,Calm (< 1 mph) smoke rises vertically,Slight effect on count,False,Forest,MANA,Unknown,
MANA,,MANA 1,MANA-0106,Forest,2018,2018-05-14,06:09:00,06:20:00,Brian Swimelar,1,0-2.5 min,Singing,<= 50 Meters,False,,American Goldfinch,Spinus tristis,179236.0,95300.0,AMGO,False,False,25.0,55.0,Mist/Drizzle,Calm (< 1 mph) smoke rises vertically,Slight effect on count,True,Forest,MANA,Unknown,
MANA,,MANA 3,MANA-0170,Forest,2018,2018-05-14,09:19:00,09:29:00,Brian Swimelar,1,0-2.5 min,Calling,<= 50 Meters,False,,American Robin,Turdus migratorius,179759.0,87136.0,AMRO,False,False,22.0,69.0,Fog,Calm (< 1 mph) smoke rises vertically,No effect on count,True,Forest,MANA,Unknown,
MANA,,Unknown,MANA-0241,Grassland,2018,2018-05-14,07:14:00,07:24:00,Kimberly Serno,1,7.5 - 10 min,Calling,50 - 100 Meters,False,Undetermined,Wild Turkey,Meleagris gallopavo,176136.0,,WITU,False,False,20.2000007629395,82.0,Fog,Calm (< 1 mph) smoke rises vertically,Slight effect on count,False,Grassland,MANA,86451.0,False
MANA,,Unknown,MANA-0279,Grassland,2018,2018-05-14,08:33:00,08:43:00,Kimberly Serno,1,2.5 - 5 min,Calling,50 - 100 Meters,False,Male,Eastern Phoebe,Sayornis phoebe,178329.0,,EAPH,False,False,20.3999996185303,82.5,Cloudy/Overcast,Light air movement (1-3 mph) smoke drifts,Moderate effect on count,False,Grassland,MANA,85813.0,False
MANA,,Unknown,MANA-0267,Grassland,2018,2018-05-14,07:23:00,07:33:00,Elizabeth Oswald,1,7.5 - 10 min,Singing,50 - 100 Meters,False,Male,Ovenbird,Seiurus aurocapillus,178927.0,,OVEN,False,False,20.3999996185303,80.9000015258789,Mist/Drizzle,Light air movement (1-3 mph) smoke drifts,No effect on count,False,Grassland,MANA,92689.0,False
MANA,,Unknown,MANA-0267,Grassland,2018,2018-05-14,07:23:00,07:33:00,Elizabeth Oswald,1,0-2.5 min,Singing,<= 50 Meters,False,Male,Magnolia Warbler,Setophaga magnolia,950035.0,,MAWA,False,False,20.3999996185303,80.9000015258789,Mist/Drizzle,Light air movement (1-3 mph) smoke drifts,No effect on count,True,Grassland,MANA,774021.0,False
MANA,,Unknown,MANA-0267,Grassland,2018,2018-05-14,07:23:00,07:33:00,Elizabeth Oswald,1,0-2.5 min,Singing,<= 50 Meters,False,Male,Prairie Warbler,Setophaga discolor,950052.0,,PRAW,True,True,20.3999996185303,80.9000015258789,Mist/Drizzle,Light air movement (1-3 mph) smoke drifts,No effect on count,True,Grassland,MANA,890945.0,False
MANA,,Unknown,MANA-0267,Grassland,2018,2018-05-14,07:23:00,07:33:00,Elizabeth Oswald,1,7.5 - 10 min,Singing,50 - 100 Meters,False,Male,Swainson's Thrush,Catharus ustulatus,179788.0,,SWTH,False,False,20.3999996185303,80.9000015258789,Mist/Drizzle,Light air movement (1-3 mph) smoke drifts,No effect on count,False,Grassland,MANA,87168.0,False
MANA,,MANA 2,MANA-0091,Forest,2018,2018-05-15,07:14:00,07:24:00,Kimberly Serno,1,0-2.5 min,Singing,50 - 100 Meters,False,,Carolina Wren,Thryothorus ludovicianus,178581.0,88350.0,CARW,False,False,19.5,81.3000030517578,Cloudy/Overcast,Light breeze (4-7 mph) wind felt on face,Slight effect on count,True,Forest,MANA,Unknown,
MANA,,Unknown,MANA-0171,Grassland,2018,2018-05-15,06:13:00,06:23:00,Kimberly Serno,1,7.5 - 10 min,Singing,<= 50 Meters,False,Male,Veery,Catharus fuscescens,179796.0,,VEER,False,False,22.8999996185303,70.0999984741211,Cloudy/Overcast,Calm (< 1 mph) smoke rises vertically,Moderate effect on count,False,Grassland,MANA,87177.0,False
MANA,,Unknown,MANA-0154,Grassland,2018,2018-05-15,09:16:00,09:26:00,Kimberly Serno,1,5 - 7.5 min,Visualization,<= 50 Meters,False,Male,Blue Grosbeak,Guiraca caerulea,179145.0,,BLGR,False,True,26.3999996185303,62.0,Partly Cloudy,Light breeze (4-7 mph) wind felt on face,Slight effect on count,False,Grassland,MANA,94251.0,False
MANA,,Unknown,MANA-0004,Grassland,2018,2018-05-15,09:50:00,10:00:00,Brian Swimelar,1,2.5 - 5 min,Calling,50 - 100 Meters,False,Undetermined,Pileated Woodpecker,Dryocopus pileatus,178166.0,,PIWO,False,False,27.0,70.0,Clear or Few Clouds,Light breeze (4-7 mph) wind felt on face,Slight effect on count,False,Grassland,MANA,84833.0,False
MANA,,Unknown,MANA-0097,Grassland,2018,2018-05-15,07:31:00,07:41:00,Elizabeth Oswald,1,5 - 7.5 min,Singing,50 - 100 Meters,False,Undetermined,Yellow-breasted Chat,Icteria virens,178964.0,,YBCH,False,False,22.5,76.6999969482422,Partly Cloudy,Light air movement (1-3 mph) smoke drifts,No effect on count,False,Grassland,MANA,92730.0,False
MANA,,Unknown,MANA-0138,Grassland,2018,2018-05-15,06:41:00,06:51:00,Elizabeth Oswald,1,0-2.5 min,Singing,50 - 100 Meters,False,Undetermined,Willow Flycatcher,Empidonax traillii,178341.0,,WIFL,True,False,19.6000003814697,85.0999984741211,Partly Cloudy,Light air movement (1-3 mph) smoke drifts,Slight effect on count,True,Grassland,MANA,85827.0,False
ROCR,,ROCR 2,ROCR-0004,Forest,2018,2018-05-16,06:13:00,06:23:00,Kimberly Serno,1,0-2.5 min,Singing,50 - 100 Meters,False,,Mourning Dove,Zenaida macroura,177125.0,82737.0,MODO,False,False,22.0,77.6999969482422,Mist/Drizzle,Light air movement (1-3 mph) smoke drifts,Slight effect on count,True,Forest,ROCR,Unknown,
ROCR,,ROCR 1,ROCR-0145,Forest,2018,2018-05-16,08:20:00,08:31:00,Brian Swimelar,1,5 - 7.5 min,Calling,<= 50 Meters,False,,Downy Woodpecker,Picoides pubescens,178259.0,84936.0,DOWO,False,True,21.0,84.0,Fog,Light air movement (1-3 mph) smoke drifts,Moderate effect on count,False,Forest,ROCR,Unknown,
CHOH,,CHOH 1,CHOH-0677,Forest,2018,2018-05-19,09:32:00,09:42:00,Kimberly Serno,1,0-2.5 min,Singing,<= 50 Meters,False,,Carolina Wren,Thryothorus ludovicianus,178581.0,88350.0,CARW,False,False,15.1999998092651,87.6999969482422,Cloudy/Overcast,Light air movement (1-3 mph) smoke drifts,No effect on count,True,Forest,CHOH,Unknown,
CHOH,,CHOH 5,CHOH-0666,Forest,2018,2018-05-19,06:37:00,06:47:00,Brian Swimelar,1,7.5 - 10 min,Calling,<= 50 Meters,False,,Northern Cardinal,Cardinalis cardinalis,179124.0,94228.0,NOCA,False,False,15.0,68.0,Mist/Drizzle,Light breeze (4-7 mph) wind felt on face,Slight effect on count,False,Forest,CHOH,Unknown,
CHOH,,CHOH 6,CHOH-0074,Forest,2018,2018-05-20,08:24:00,08:34:00,Kimberly Serno,1,0-2.5 min,Singing,50 - 100 Meters,False,Undetermined,Scarlet Tanager,Piranga olivacea,179883.0,88071.0,SCTA,False,True,18.3999996185303,87.3000030517578,Cloudy/Overcast,Calm (< 1 mph) smoke rises vertically,No effect on count,True,Forest,CHOH,Unknown,
CHOH,,CHOH 7,CHOH-0002,Forest,2018,2018-05-20,06:36:00,06:46:00,Elizabeth Oswald,1,0-2.5 min,Visualization,50 - 100 Meters,False,Male,Wood Duck,Aix sponsa,175122.0,77836.0,WODU,False,False,18.3999996185303,83.0999984741211,Cloudy/Overcast,Light air movement (1-3 mph) smoke drifts,No effect on count,True,Forest,CHOH,Unknown,
CHOH,,CHOH 8,CHOH-0102,Forest,2018,2018-05-21,10:14:00,10:24:00,Kimberly Serno,1,0-2.5 min,Calling,<= 50 Meters,False,,Common Grackle,Quiscalus quiscula,179104.0,94206.0,COGR,False,False,23.5,74.1999969482422,Partly Cloudy,Light air movement (1-3 mph) smoke drifts,No effect on count,True,Forest,CHOH,Unknown,
CHOH,,CHOH 10,CHOH-0812,Forest,2018,2018-05-21,06:39:00,06:49:00,Elizabeth Oswald,1,2.5 - 5 min,Singing,<= 50 Meters,False,,Cedar Waxwing,Bombycilla cedrorum,178532.0,88296.0,CEDW,False,False,18.5,78.6999969482422,Partly Cloudy,Light air movement (1-3 mph) smoke drifts,No effect on count,False,Forest,CHOH,Unknown,
ANTI,,ANTI 1,ANTI-0036,Forest,2018,2018-05-22,06:19:00,06:29:00,Elizabeth Oswald,1,0-2.5 min,Singing,<= 50 Meters,False,Undetermined,Eastern Towhee,Pipilo erythrophthalmus,179276.0,83803.0,EATO,False,True,19.8999996185303,79.4000015258789,Cloudy/Overcast,Calm (< 1 mph) smoke rises vertically,No effect on count,True,Forest,ANTI,Unknown,
ANTI,,Unknown,ANTI-0155,Grassland,2018,2018-05-22,07:10:00,07:20:00,Brian Swimelar,1,0-2.5 min,Singing,<= 50 Meters,False,Undetermined,Yellow-billed Cuckoo,Coccyzus americanus,177831.0,,YBCU,False,False,25.5,68.4000015258789,Mist/Drizzle,Light breeze (4-7 mph) wind felt on face,No effect on count,True,Grassland,ANTI,89102.0,False
ANTI,,Unknown,ANTI-0035,Grassland,2018,2018-05-23,06:17:00,06:27:00,Elizabeth Oswald,1,0-2.5 min,Singing,50 - 100 Meters,False,Male,Vesper Sparrow,Pooecetes gramineus,179366.0,,VESP,False,False,20.6000003814697,80.9000015258789,Partly Cloudy,Light breeze (4-7 mph) wind felt on face,Slight effect on count,True,Grassland,ANTI,84704.0,False
ANTI,,Unknown,ANTI-0009,Grassland,2018,2018-05-23,07:03:00,07:13:00,Elizabeth Oswald,1,2.5 - 5 min,Calling,<= 50 Meters,False,Undetermined,Hairy Woodpecker,Picoides villosus,178262.0,,HAWO,False,False,21.2000007629395,82.8000030517578,Partly Cloudy,Light air movement (1-3 mph) smoke drifts,No effect on count,False,Grassland,ANTI,85739.0,False
ANTI,,Unknown,ANTI-0075,Grassland,2018,2018-05-23,10:39:00,10:49:00,Elizabeth Oswald,1,7.5 - 10 min,Visualization,,True,Undetermined,American Kestrel,Falco sparverius,175622.0,,AMKE,False,False,25.7999992370605,56.7000007629395,Partly Cloudy,"Gentle breeze (8-12 mph), leaves in motion",Slight effect on count,False,Grassland,ANTI,82543.0,False
ANTI,,ANTI 2,ANTI-0190,Forest,2018,2018-05-24,08:34:00,08:44:00,Brian Swimelar,1,7.5 - 10 min,Singing,<= 50 Meters,False,,Carolina Wren,Thryothorus ludovicianus,178581.0,88350.0,CARW,False,False,27.2999992370605,52.9000015258789,Clear or Few Clouds,Light air movement (1-3 mph) smoke drifts,No effect on count,False,Forest,ANTI,Unknown,
ANTI,,Unknown,ANTI-0089,Grassland,2018,2018-05-24,06:20:00,06:30:00,Elizabeth Oswald,1,7.5 - 10 min,Visualization,,True,Undetermined,Wood Duck,Aix sponsa,175122.0,,WODU,False,False,14.1000003814697,79.9000015258789,Clear or Few Clouds,Light air movement (1-3 mph) smoke drifts,No effect on count,False,Grassland,ANTI,77836.0,False
CATO,,CATO 1,CATO-0003,Forest,2018,2018-05-25,09:22:00,09:32:00,Elizabeth Oswald,1,2.5 - 5 min,Singing,50 - 100 Meters,False,Undetermined,Eastern Wood-Pewee,Contopus virens,178359.0,85846.0,EAWP,False,True,22.6000003814697,64.0,Clear or Few Clouds,Light breeze (4-7 mph) wind felt on face,No effect on count,True,Forest,CATO,Unknown,
CATO,,CATO 3,CATO-0101,Forest,2018,2018-05-25,08:33:00,08:43:00,Kimberly Serno,1,2.5 - 5 min,Singing,50 - 100 Meters,False,,Carolina Wren,Thryothorus ludovicianus,178581.0,88350.0,CARW,False,False,21.5,69.8000030517578,Clear or Few Clouds,Light air movement (1-3 mph) smoke drifts,Slight effect on count,False,Forest,CATO,Unknown,
CATO,,CATO 2,CATO-0022,Forest,2018,2018-05-25,08:22:00,08:32:00,Brian Swimelar,1,0-2.5 min,Singing,<= 50 Meters,False,Undetermined,Chipping Sparrow,Spizella passerina,179435.0,84781.0,CHSP,False,False,20.7999992370605,62.2999992370605,Clear or Few Clouds,Light air movement (1-3 mph) smoke drifts,No effect on count,True,Forest,CATO,Unknown,
CATO,,CATO 4,CATO-0237,Forest,2018,2018-05-26,09:33:00,09:43:00,Kimberly Serno,1,5 - 7.5 min,Calling,<= 50 Meters,False,,Blue Jay,Cyanocitta cristata,179680.0,86252.0,BLJA,False,False,24.5,70.0,Partly Cloudy,Light air movement (1-3 mph) smoke drifts,No effect on count,False,Forest,CATO,Unknown,
CATO,,CATO 5,CATO-0302,Forest,2018,2018-05-26,07:33:00,07:43:00,Brian Swimelar,1,2.5 - 5 min,Calling,50 - 100 Meters,False,,Red-bellied Woodpecker,Melanerpes carolinus,178195.0,84865.0,RBWO,False,False,24.8999996185303,76.8000030517578,Clear or Few Clouds,Light air movement (1-3 mph) smoke drifts,No effect on count,False,Forest,CATO,Unknown,
CATO,,CATO 8,CATO-0365,Forest,2018,2018-05-28,08:59:00,09:09:00,Kimberly Serno,1,0-2.5 min,Singing,<= 50 Meters,False,Undetermined,Red-eyed Vireo,Vireo olivaceus,179021.0,93587.0,REVI,False,False,17.7999992370605,86.6999969482422,Fog,Light air movement (1-3 mph) smoke drifts,Serious effect on count,True,Forest,CATO,Unknown,
CATO,,CATO 6,CATO-0303,Forest,2018,2018-05-28,08:48:00,08:58:00,Elizabeth Oswald,1,0-2.5 min,Singing,50 - 100 Meters,False,Undetermined,Wood Thrush,Hylocichla mustelina,179777.0,87156.0,WOTH,True,True,17.3999996185303,92.3000030517578,Cloudy/Overcast,Light air movement (1-3 mph) smoke drifts,Moderate effect on count,True,Forest,CATO,Unknown,
CATO,,CATO 7,CATO-0268,Forest,2018,2018-05-28,06:36:00,06:46:00,Brian Swimelar,1,0-2.5 min,Singing,50 - 100 Meters,False,Undetermined,Eastern Wood-Pewee,Contopus virens,178359.0,85846.0,EAWP,False,True,17.3999996185303,83.3000030517578,Mist/Drizzle,Calm (< 1 mph) smoke rises vertically,No effect on count,True,Forest,CATO,Unknown,
CHOH,,GWMP 2,GWMP-0055,Forest,2018,2018-05-29,08:45:00,08:55:00,Kimberly Serno,1,0-2.5 min,Singing,<= 50 Meters,False,,Carolina Wren,Thryothorus ludovicianus,178581.0,88350.0,CARW,False,False,22.7000007629395,88.0,Cloudy/Overcast,Light air movement (1-3 mph) smoke drifts,No effect on count,True,Forest,CHOH,Unknown,
CHOH,,GWMP 4,CHOH-1388,Forest,2018,2018-05-29,06:00:00,06:10:00,Brian Swimelar,1,5 - 7.5 min,Singing,50 - 100 Meters,False,,Great Crested Flycatcher,Myiarchus crinitus,178309.0,85791.0,GCFL,False,False,19.2999992370605,86.8000030517578,Fog,Calm (< 1 mph) smoke rises vertically,Serious effect on count,False,Forest,CHOH,Unknown,
CHOH,,GWMP 3,CHOH-1342,Forest,2018,2018-05-29,05:53:00,06:03:00,Elizabeth Oswald,1,0-2.5 min,Calling,<= 50 Meters,False,,Blue-gray Gnatcatcher,Polioptila caerulea,179853.0,88038.0,BGGN,False,False,23.7999992370605,77.0,Cloudy/Overcast,Light air movement (1-3 mph) smoke drifts,Slight effect on count,True,Forest,CHOH,Unknown,
GWMP,THIS,GWMP 5,GWMP-0208,Forest,2018,2018-05-30,06:42:00,06:52:00,Kimberly Serno,1,2.5 - 5 min,Singing,50 - 100 Meters,False,Undetermined,Red-eyed Vireo,Vireo olivaceus,179021.0,93587.0,REVI,False,False,24.3999996185303,83.9000015258789,Cloudy/Overcast,Calm (< 1 mph) smoke rises vertically,Moderate effect on count,False,Forest,GWMP,Unknown,
GWMP,,GWMP 6,GWMP-0256,Forest,2018,2018-05-30,08:54:00,09:04:00,Elizabeth Oswald,1,7.5 - 10 min,Visualization,<= 50 Meters,False,,Common Grackle,Quiscalus quiscula,179104.0,94206.0,COGR,False,False,23.5,84.1999969482422,Cloudy/Overcast,Light air movement (1-3 mph) smoke drifts,Slight effect on count,False,Forest,GWMP,Unknown,
GWMP,,GWMP 1,GWMP-0019,Forest,2018,2018-05-30,06:20:00,06:31:00,Brian Swimelar,1,2.5 - 5 min,Singing,50 - 100 Meters,False,Undetermined,Carolina Chickadee,Poecile carolinensis,554383.0,265876.0,CACH,False,True,22.5,82.0999984741211,Cloudy/Overcast,Calm (< 1 mph) smoke rises vertically,No effect on count,False,Forest,GWMP,Unknown,
HAFE,,HAFE 2,HAFE-0053,Forest,2018,2018-05-31,06:26:00,06:36:00,Brian Swimelar,1,7.5 - 10 min,Visualization,<= 50 Meters,False,Undetermined,Indigo Bunting,Passerina cyanea,179150.0,94257.0,INBU,False,True,22.6000003814697,79.0999984741211,Mist/Drizzle,Light breeze (4-7 mph) wind felt on face,No effect on count,False,Forest,HAFE,Unknown,
HAFE,,HAFE 1,HAFE-0074,Forest,2018,2018-06-01,10:19:00,10:29:00,Kimberly Serno,1,0-2.5 min,Singing,<= 50 Meters,False,Undetermined,Red-eyed Vireo,Vireo olivaceus,179021.0,93587.0,REVI,False,False,24.3999996185303,85.6999969482422,Partly Cloudy,Light breeze (4-7 mph) wind felt on face,No effect on count,True,Forest,HAFE,Unknown,
HAFE,,HAFE 3,HAFE-0208,Forest,2018,2018-06-01,05:57:00,06:07:00,Elizabeth Oswald,1,0-2.5 min,Singing,50 - 100 Meters,False,Undetermined,Eastern Wood-Pewee,Contopus virens,178359.0,85846.0,EAWP,False,True,22.7000007629395,74.5,Fog,Calm (< 1 mph) smoke rises vertically,No effect on count,True,Forest,HAFE,Unknown,
CHOH,,CHOH 18,CHOH-0755,Forest,2018,2018-06-02,07:39:00,07:49:00,Brian Swimelar,1,0-2.5 min,Calling,<= 50 Meters,False,,Blue-gray Gnatcatcher,Polioptila caerulea,179853.0,88038.0,BGGN,False,False,22.6000003814697,82.1999969482422,Fog,Calm (< 1 mph) smoke rises vertically,No effect on count,True,Forest,CHOH,Unknown,
WOTR,,WOTR,WOTR-0001,Forest,2018,2018-06-02,06:39:00,06:49:00,Elizabeth Oswald,1,0-2.5 min,Singing,50 - 100 Meters,False,,Carolina Wren,Thryothorus ludovicianus,178581.0,88350.0,CARW,False,False,23.5,82.0,Partly Cloudy,Light air movement (1-3 mph) smoke drifts,Slight effect on count,True,Forest,WOTR,Unknown,
CHOH,,CHOH 12,CHOH-1018,Forest,2018,2018-06-04,08:52:00,09:02:00,Brian Swimelar,1,5 - 7.5 min,Singing,50 - 100 Meters,False,Undetermined,Eastern Wood-Pewee,Contopus virens,178359.0,85846.0,EAWP,False,True,16.0,84.3000030517578,Cloudy/Overcast,Light air movement (1-3 mph) smoke drifts,Slight effect on count,False,Forest,CHOH,Unknown,
MONO,,Unknown,MONO-0072,Grassland,2018,2018-06-04,09:14:00,09:24:00,Elizabeth Oswald,2,5 - 7.5 min,Visualization,50 - 100 Meters,False,Undetermined,Purple Martin,Progne subis,178464.0,,PUMA,False,False,23.6000003814697,63.2000007629395,Partly Cloudy,Light breeze (4-7 mph) wind felt on face,Moderate effect on count,False,Grassland,MONO,87427.0,False
MONO,,Unknown,MONO-0097,Grassland,2018,2018-06-04,08:33:00,08:43:00,Elizabeth Oswald,2,7.5 - 10 min,Visualization,<= 50 Meters,False,Undetermined,Unidentified Flycatcher,Tyrannidae,178277.0,,UNFL,False,False,18.3999996185303,75.9000015258789,Cloudy/Overcast,Light breeze (4-7 mph) wind felt on face,Slight effect on count,False,Grassland,MONO,85755.0,False
PRWI,,PRWI 6,PRWI-0273,Forest,2018,2018-06-05,06:37:00,06:47:00,Elizabeth Oswald,1,0-2.5 min,Singing,<= 50 Meters,False,Undetermined,Northern Parula,Setophaga americana,950033.0,890949.0,NOPA,False,False,17.7000007629395,65.0999984741211,Clear or Few Clouds,Calm (< 1 mph) smoke rises vertically,No effect on count,True,Forest,PRWI,Unknown,
MONO,,Unknown,MONO-0033,Grassland,2018,2018-06-05,08:10:00,08:21:00,Brian Swimelar,2,0-2.5 min,Singing,<= 50 Meters,False,Male,Kentucky Warbler,Oporornis formosus,178937.0,,KEWA,True,True,21.1000003814697,67.5999984741211,Partly Cloudy,Light air movement (1-3 mph) smoke drifts,Slight effect on count,True,Grassland,MONO,92700.0,False
PRWI,,PRWI 3,PRWI-0025,Forest,2018,2018-06-06,06:37:00,06:47:00,Elizabeth Oswald,1,0-2.5 min,Singing,50 - 100 Meters,False,Undetermined,Carolina Chickadee,Poecile carolinensis,554383.0,265876.0,CACH,False,True,17.2999992370605,78.3000030517578,Partly Cloudy,Light air movement (1-3 mph) smoke drifts,Moderate effect on count,True,Forest,PRWI,Unknown,
PRWI,,PRWI 1,PRWI-0039,Forest,2018,2018-06-06,08:21:00,08:31:00,Kimberly Serno,1,2.5 - 5 min,Singing,50 - 100 Meters,False,Undetermined,Ovenbird,Seiurus aurocapillus,178927.0,92689.0,OVEN,False,False,17.8999996185303,73.0,Clear or Few Clouds,Light breeze (4-7 mph) wind felt on face,Slight effect on count,False,Forest,PRWI,Unknown,
PRWI,,PRWI 2,PRWI-0055,Forest,2018,2018-06-06,08:11:00,08:21:00,Brian Swimelar,1,0-2.5 min,Singing,<= 50 Meters,False,Undetermined,Red-eyed Vireo,Vireo olivaceus,179021.0,93587.0,REVI,False,False,19.7999992370605,66.4000015258789,Clear or Few Clouds,Light breeze (4-7 mph) wind felt on face,No effect on count,True,Forest,PRWI,Unknown,
PRWI,,PRWI 5,PRWI-0206,Forest,2018,2018-06-07,06:41:00,06:51:00,Kimberly Serno,1,0-2.5 min,Singing,50 - 100 Meters,False,,Eastern Tufted Titmouse,Baeolophus bicolor,554138.0,266957.0,ETTI,False,False,17.2999992370605,76.6999969482422,Partly Cloudy,Calm (< 1 mph) smoke rises vertically,Slight effect on count,True,Forest,PRWI,Unknown,
PRWI,,PRWI 7,PRWI-0223,Forest,2018,2018-06-07,06:27:00,06:37:00,Elizabeth Oswald,1,0-2.5 min,Singing,50 - 100 Meters,False,Undetermined,Ovenbird,Seiurus aurocapillus,178927.0,92689.0,OVEN,False,False,16.8999996185303,75.1999969482422,Cloudy/Overcast,Light air movement (1-3 mph) smoke drifts,No effect on count,True,Forest,PRWI,Unknown,
PRWI,,PRWI 8,PRWI-0287,Forest,2018,2018-06-07,08:51:00,09:01:00,Elizabeth Oswald,1,7.5 - 10 min,Singing,50 - 100 Meters,False,,Downy Woodpecker,Picoides pubescens,178259.0,84936.0,DOWO,False,True,18.7000007629395,76.4000015258789,Partly Cloudy,Light air movement (1-3 mph) smoke drifts,No effect on count,False,Forest,PRWI,Unknown,
PRWI,,PRWI 4,PRWI-0186,Forest,2018,2018-06-07,05:44:00,05:54:00,Brian Swimelar,1,7.5 - 10 min,Calling,<= 50 Meters,False,Undetermined,Blue-gray Gnatcatcher,Polioptila caerulea,179853.0,88038.0,BGGN,False,False,18.0,70.1999969482422,Clear or Few Clouds,Light air movement (1-3 mph) smoke drifts,No effect on count,False,Forest,PRWI,Unknown,
PRWI,,PRWI 12,PRWI-0381,Forest,2018,2018-06-08,10:11:00,10:21:00,Kimberly Serno,1,0-2.5 min,Singing,<= 50 Meters,False,Undetermined,Pine Warbler,Setophaga pinus,950045.0,890952.0,PIWA,False,True,23.7999992370605,79.5999984741211,Partly Cloudy,Light air movement (1-3 mph) smoke drifts,Slight effect on count,True,Forest,PRWI,Unknown,
PRWI,,PRWI 15,PRWI-0441,Forest,2018,2018-06-08,07:30:00,07:40:00,Kimberly Serno,1,0-2.5 min,Singing,50 - 100 Meters,False,Undetermined,Ovenbird,Seiurus aurocapillus,178927.0,92689.0,OVEN,False,False,20.2000007629395,75.9000015258789,Partly Cloudy,Light air movement (1-3 mph) smoke drifts,Slight effect on count,True,Forest,PRWI,Unknown,
PRWI,,PRWI 9,PRWI-0436,Forest,2018,2018-06-08,06:03:00,06:13:00,Elizabeth Oswald,1,0-2.5 min,Singing,<= 50 Meters,False,Undetermined,Louisiana Waterthrush,Parkesia motacilla,950009.0,773814.0,LOWA,False,True,16.8999996185303,80.5,Partly Cloudy,Light breeze (4-7 mph) wind felt on face,No effect on count,True,Forest,PRWI,Unknown,
PRWI,,PRWI 10,PRWI-0431,Forest,2018,2018-06-08,08:10:00,08:20:00,Elizabeth Oswald,1,0-2.5 min,Singing,<= 50 Meters,False,,Acadian Flycatcher,Empidonax virescens,178339.0,85824.0,ACFL,False,True,18.1000003814697,83.9000015258789,Partly Cloudy,Calm (< 1 mph) smoke rises vertically,Slight effect on count,True,Forest,PRWI,Unknown,
PRWI,,PRWI 13,PRWI-0796,Forest,2018,2018-06-08,10:06:00,10:16:00,Brian Swimelar,1,2.5 - 5 min,Visualization,<= 50 Meters,False,,Acadian Flycatcher,Empidonax virescens,178339.0,85824.0,ACFL,False,True,20.7999992370605,75.5,Clear or Few Clouds,Calm (< 1 mph) smoke rises vertically,No effect on count,False,Forest,PRWI,Unknown,
PRWI,,PRWI 22,PRWI-0620,Forest,2018,2018-06-09,10:18:00,10:28:00,Elizabeth Oswald,1,0-2.5 min,Calling,50 - 100 Meters,False,,White-breasted Nuthatch,Sitta carolinensis,178775.0,90935.0,WBNU,False,False,24.3999996185303,84.4000015258789,Partly Cloudy,Light air movement (1-3 mph) smoke drifts,Slight effect on count,True,Forest,PRWI,Unknown,
PRWI,,PRWI 17,PRWI-0238,Forest,2018,2018-06-09,07:33:00,07:43:00,Elizabeth Oswald,1,0-2.5 min,Calling,<= 50 Meters,False,,Blue-gray Gnatcatcher,Polioptila caerulea,179853.0,88038.0,BGGN,False,False,21.7000007629395,89.0999984741211,Partly Cloudy,Light air movement (1-3 mph) smoke drifts,Serious effect on count,True,Forest,PRWI,Unknown,
PRWI,,PRWI 11,PRWI-0392,Forest,2018,2018-06-09,08:23:00,08:33:00,Kimberly Serno,1,0-2.5 min,Singing,50 - 100 Meters,False,,Acadian Flycatcher,Empidonax virescens,178339.0,85824.0,ACFL,False,True,22.2999992370605,82.0,Cloudy/Overcast,Light air movement (1-3 mph) smoke drifts,No effect on count,True,Forest,PRWI,Unknown,
PRWI,,PRWI 14,PRWI-0660,Forest,2018,2018-06-09,08:45:00,08:55:00,Brian Swimelar,1,0-2.5 min,Singing,<= 50 Meters,False,,Great Crested Flycatcher,Myiarchus crinitus,178309.0,85791.0,GCFL,False,False,26.2999992370605,70.4000015258789,Partly Cloudy,Calm (< 1 mph) smoke rises vertically,No effect on count,True,Forest,PRWI,Unknown,
PRWI,,PRWI 18,PRWI-0738,Forest,2018,2018-06-09,08:06:00,08:16:00,Brian Swimelar,1,2.5 - 5 min,Singing,<= 50 Meters,False,Undetermined,Ovenbird,Seiurus aurocapillus,178927.0,92689.0,OVEN,False,False,26.0,59.5999984741211,Partly Cloudy,Calm (< 1 mph) smoke rises vertically,No effect on count,False,Forest,PRWI,Unknown,
PRWI,,PRWI 21,PRWI-0744,Forest,2018,2018-06-10,05:52:00,06:02:00,Kimberly Serno,1,0-2.5 min,Singing,50 - 100 Meters,False,Undetermined,Red-eyed Vireo,Vireo olivaceus,179021.0,93587.0,REVI,False,False,20.7999992370605,85.6999969482422,Cloudy/Overcast,Light air movement (1-3 mph) smoke drifts,Slight effect on count,True,Forest,PRWI,Unknown,
PRWI,,PRWI 20,PRWI-0741,Forest,2018,2018-06-10,06:37:00,06:47:00,Kimberly Serno,1,0-2.5 min,Singing,<= 50 Meters,False,Undetermined,Eastern Wood-Pewee,Contopus virens,178359.0,85846.0,EAWP,False,True,20.2999992370605,87.4000015258789,Cloudy/Overcast,Light air movement (1-3 mph) smoke drifts,Slight effect on count,True,Forest,PRWI,Unknown,
PRWI,,PRWI 19,PRWI-0537,Forest,2018,2018-06-10,07:46:00,07:56:00,Elizabeth Oswald,1,0-2.5 min,Singing,50 - 100 Meters,False,Undetermined,Yellow-throated Vireo,Vireo flavifrons,179009.0,93573.0,YTVI,False,True,19.8999996185303,93.4000015258789,Cloudy/Overcast,Light air movement (1-3 mph) smoke drifts,Slight effect on count,True,Forest,PRWI,Unknown,
PRWI,,PRWI 16,PRWI-0480,Forest,2018,2018-06-10,07:37:00,07:47:00,Brian Swimelar,1,5 - 7.5 min,Singing,50 - 100 Meters,False,,Acadian Flycatcher,Empidonax virescens,178339.0,85824.0,ACFL,False,True,25.6000003814697,80.0,Fog,Calm (< 1 mph) smoke rises vertically,No effect on count,False,Forest,PRWI,Unknown,
CHOH,,CHOH 14,CHOH-1111,Forest,2018,2018-06-12,07:07:00,07:17:00,Kimberly Serno,1,0-2.5 min,Singing,<= 50 Meters,False,Undetermined,Louisiana Waterthrush,Parkesia motacilla,950009.0,773814.0,LOWA,False,True,16.5,75.5,Partly Cloudy,Light air movement (1-3 mph) smoke drifts,No effect on count,True,Forest,CHOH,Unknown,
CHOH,,CHOH 11,CHOH-0942,Forest,2018,2018-06-12,08:26:00,08:36:00,Elizabeth Oswald,1,2.5 - 5 min,Calling,<= 50 Meters,False,,Blue-gray Gnatcatcher,Polioptila caerulea,179853.0,88038.0,BGGN,False,False,18.1000003814697,72.5999984741211,Partly Cloudy,Light breeze (4-7 mph) wind felt on face,No effect on count,True,Forest,CHOH,Unknown,
CHOH,,CHOH 15,CHOH-1197,Forest,2018,2018-06-13,06:35:00,06:45:00,Kimberly Serno,1,7.5 - 10 min,Calling,<= 50 Meters,False,,Carolina Chickadee,Poecile carolinensis,554383.0,265876.0,CACH,False,True,21.3999996185303,78.0999984741211,Cloudy/Overcast,Calm (< 1 mph) smoke rises vertically,No effect on count,False,Forest,CHOH,Unknown,
CHOH,,CHOH 16,CHOH-1226,Forest,2018,2018-06-13,07:00:00,07:10:00,Elizabeth Oswald,1,5 - 7.5 min,Calling,<= 50 Meters,False,,Red-winged Blackbird,Agelaius phoeniceus,179045.0,93613.0,RWBL,False,False,20.8999996185303,82.8000030517578,Cloudy/Overcast,Light breeze (4-7 mph) wind felt on face,Slight effect on count,False,Forest,CHOH,Unknown,
CHOH,,CHOH 17,CHOH-1235,Forest,2018,2018-06-13,07:25:00,07:35:00,Elizabeth Oswald,1,0-2.5 min,Singing,<= 50 Meters,False,,Northern Cardinal,Cardinalis cardinalis,179124.0,94228.0,NOCA,False,False,20.7999992370605,85.4000015258789,Cloudy/Overcast,Light breeze (4-7 mph) wind felt on face,No effect on count,True,Forest,CHOH,Unknown,
MONO,,Unknown,MONO-0049,Grassland,2018,2018-06-14,09:00:00,09:10:00,Kimberly Serno,2,2.5 - 5 min,Calling,<= 50 Meters,False,Undetermined,Belted Kingfisher,Ceryle alcyon,178119.0,,BEKI,False,True,26.3999996185303,48.7000007629395,Partly Cloudy,Light air movement (1-3 mph) smoke drifts,Slight effect on count,False,Grassland,MONO,83980.0,False
MANA,,Unknown,MANA-0165,Grassland,2018,2018-06-18,09:29:00,09:39:00,Kimberly Serno,2,0-2.5 min,Singing,50 - 100 Meters,False,Male,Yellow-throated Vireo,Vireo flavifrons,179009.0,,YTVI,False,True,30.7999992370605,64.0,Partly Cloudy,Light air movement (1-3 mph) smoke drifts,No effect on count,True,Grassland,MANA,93573.0,False
MANA,,Unknown,MANA-0154,Grassland,2018,2018-06-19,05:49:00,05:59:00,Elizabeth Oswald,2,2.5 - 5 min,Singing,50 - 100 Meters,False,Undetermined,Summer Tanager,Piranga rubra,179888.0,,SUTA,False,False,22.5,86.1999969482422,Partly Cloudy,Light air movement (1-3 mph) smoke drifts,No effect on count,False,Grassland,MANA,88076.0,False
MANA,,Unknown,MANA-0196,Grassland,2018,2018-06-19,06:36:00,06:46:00,Elizabeth Oswald,2,7.5 - 10 min,Singing,<= 50 Meters,False,Undetermined,White-eyed Vireo,Vireo griseus,178991.0,,WEVI,False,False,23.2999992370605,88.1999969482422,Partly Cloudy,Light air movement (1-3 mph) smoke drifts,Slight effect on count,False,Grassland,MANA,93552.0,False
MANA,,Unknown,MANA-0064,Grassland,2018,2018-06-19,07:00:00,07:10:00,Kimberly Serno,2,0-2.5 min,Visualization,50 - 100 Meters,False,Undetermined,Cooper's Hawk,Accipiter cooperii,175309.0,,COHA,False,False,25.0,84.0999984741211,Partly Cloudy,Calm (< 1 mph) smoke rises vertically,Slight effect on count,True,Grassland,MANA,79517.0,False
ANTI,,Unknown,ANTI-0116,Grassland,2018,2018-06-25,10:00:00,10:10:00,Brian Swimelar,2,5 - 7.5 min,Visualization,,True,Undetermined,Ruby-throated Hummingbird,Archilochus colubris,178032.0,,RTHU,False,False,30.5,47.5999984741211,Clear or Few Clouds,Light breeze (4-7 mph) wind felt on face,No effect on count,False,Grassland,ANTI,83884.0,False
MANA,,Unknown,MANA-0255,Grassland,2018,2018-07-16,06:51:00,07:01:00,Elizabeth Oswald,3,0-2.5 min,Singing,<= 50 Meters,False,Male,Savannah Sparrow,Passerculus sandwichensis,179314.0,,SASP,False,False,20.8999996185303,81.5999984741211,Partly Cloudy,Light air movement (1-3 mph) smoke drifts,Moderate effect on count,True,Grassland,MANA,83846.0,False
